label,text
spam,"Congratulations! You have won a $1000 Walmart gift card. Click here to claim your prize."
ham,"Hi John, just wanted to confirm our meeting tomorrow at 3 PM."
spam,"URGENT: Your account has been compromised. Login immediately to secure your information."
ham,"Hey David, thanks for sending the files. I'll review them tonight."
spam,"You've been selected for a free vacation package! Provide your credit card to reserve."
ham,"Mom said dinner is at 7. Don't be late."
spam,"Work From Home!!! Earn $500 per day with no experience. Sign up now!"
ham,"Here is the photo you requested from the weekend trip."
spam,"Your PayPal account is on hold! Click this link to resolve the issue instantly."
ham,"Professor, attached is my assignment for chapter 5. Thank you."
spam,"You won $5000! Click here!"
ham,"Hi, can you send me the file?"
spam,"Claim your free gift!"
ham,"Meeting at 3pm"
spam,"22 days to kick off! For Euro2004 U will be kept up to date with the latest news and results daily. To be removed send GET TXT STOP to 83222"
ham,"Dai what this da.. Can i send my resume to this id."
ham,"Al he does is moan at me if n e thin goes wrong its my fault&al de arguments r my fault&fed up of him of himso y bother? Hav 2go, thanx.xx"
spam,"Exclusive deal! Get a new credit card with $5000 limit, no credit check."
ham,"I'm in class. Will holla later"
ham,"That movie was so good, we should watch it again."
ham,"We should plan a trip during the break, any ideas?"
ham,"Are you free to grab lunch sometime this week?"
ham,"As in different styles?"
ham,"I wont touch you with out your permission."
ham,"4 oclock at mine. Just to bash out a flat plan."
ham,"Aight, call me once you're close"
ham,"What I'm saying is if you haven't explicitly told nora I know someone I'm probably just not gonna bother"
spam,"Free entry in 2 a weekly comp for a chance to win an ipod. Txt POD to 80182 to get entry (std txt rate) T&C's apply 08452810073 for details 18+"
ham,"She said,'' do u mind if I go into the bedroom for a minute ? '' ''OK'', I sed in a sexy mood. She came out 5 minuts latr wid a cake...n My Wife,"
ham,"U wake up already? Wat u doing? U picking us up later rite? I'm taking sq825, reaching ard 7 smth 8 like dat. U can check e arrival time. C ya soon..."
ham,"Any way where are you and what doing."
ham,"Hey, are we still on for the meeting tomorrow?"
ham,"Edison has rightly said, ""A fool can ask more questions than a wise man can answer"" Now you know why all of us are speechless during ViVa.. GM,GN,GE,GNT:-)"
ham,"Morning only i can ok."
spam,"Act now and reduce your student loan debt by 80%. Enroll in our program."
ham,"8 at the latest, g's still there if you can scrounge up some ammo and want to give the new ak a try"
ham,"Wat makes some people dearer is not just de happiness dat u feel when u meet them but de pain u feel when u miss dem!!!"
ham,"You will be in the place of that man"
spam,"Get the official ENGLAND poly ringtone or colour flag on yer mobile for tonights game! Text TONE or FLAG to 84199. Optout txt ENG STOP Box39822 W111WX £1.50"
ham,"Esplanade lor. Where else..."
ham,"Happy birthday! Hope you have an amazing day."
ham,"How long does it take to get it."
ham,"I'll let you know when it kicks in"
ham,"No break time one... How... I come out n get my stuff fr ü?"
ham,"You are a very very very very bad girl. Or lady."
ham,"I will be gentle princess! We will make sweet gentle love..."
ham,"I’ll call you later tonight after work."
spam,"UR GOING 2 BAHAMAS! CallFREEFONE 08081560665 and speak to a live operator to claim either Bahamas cruise of£2000 CASH 18+only. To opt out txt X to 07786200117"
ham,"Hey! Congrats 2u2. id luv 2 but ive had 2 go home!"
ham,"That would be great. We'll be at the Guild. Could meet on Bristol road or somewhere - will get in touch over weekend. Our plans take flight! Have a good week"
ham,"Its like that hotel dusk game i think. You solve puzzles in a area thing"
ham,"Just sent again. Do you scream and moan in bed, princess?"
ham,"Umma. Did she say anything"
ham,"Be happy there. I will come after noon"
spam,"You are the lucky winner of our monthly lottery. Confirm your identity here."
ham,"S:)8 min to go for lunch:)"
ham,"Sorry sent blank msg again. Yup but trying 2 do some serious studying now."
spam,"Limited time crypto investment opportunity with guaranteed returns. Invest today."
ham,"Wat time u finish ur lect today?"
ham,"Aah! A cuddle would be lush! I'd need lots of tea and soup before any kind of fumbling!"
ham,"I forgot 2 ask ü all smth.. There's a card on da present lei... How? Ü all want 2 write smth or sign on it?"
ham,"Sorry i've not gone to that place. I.ll do so tomorrow. Really sorry."
ham,"I will lick up every drop :) are you ready to use your mouth as well?"
ham,"Hi elaine, is today's meeting confirmed?"
ham,"Nope. I just forgot. Will show next week"
ham,"Love isn't a decision, it's a feeling. If we could decide who to love, then, life would be much simpler, but then less magical"
ham,"MY NO. IN LUTON 0125698789 RING ME IF UR AROUND! H*"
ham,"I asked you to call him now ok"
ham,"Happy birthday! Hope you have an amazing day."
ham,"Storming msg: Wen u lift d phne, u say ""HELLO"" Do u knw wt is d real meaning of HELLO?? . . . It's d name of a girl..! . . . Yes.. And u knw who is dat girl?? ""Margaret Hello"" She is d girlfrnd f Grahmbell who invnted telphone... . . . . Moral:One can 4get d name of a person, bt not his girlfrnd... G o o d n i g h t . . .@"
ham,"Ok i am on the way to railway"
ham,"Great! I have to run now so ttyl!"
ham,"Take us out shopping and Mark will distract Isaiah.=D"
ham,"What is this 'hex' place you talk of? Explain!"
ham,"Were somewhere on Fredericksburg"
ham,"Not yet had..ya sapna aunty manege y'day hogidhe..chinnu full weak and swalpa black agidhane.."
ham,"My uncles in Atlanta. Wish you guys a great semester."
ham,"Today is ACCEPT DAY..U Accept me as? Brother Sister Lover Dear1 Best1 Clos1 Lvblefrnd Jstfrnd Cutefrnd Lifpartnr Belovd Swtheart Bstfrnd No rply means enemy"
ham,"That's one of the issues but california is okay. No snow so its manageable"
ham,"How was txting and driving"
ham,"Jus telling u dat i'll b leaving 4 shanghai on 21st instead so we'll haf more time 2 meet up cya..."
ham,"Watching telugu movie..wat abt u?"
ham,"Let’s catch up this weekend if you’re free."
ham,"Dear, will call Tmorrow.pls accomodate."
ham,"Thanks for the update, I’ll review it tonight."
ham,"S:)s.nervous  &lt;#&gt; :)"
ham,"O shore are you takin the bus"
ham,"Oh k. . I will come tomorrow"
spam,"No. 1 Nokia Tone 4 ur mob every week! Just txt NOK to 87021. 1st Tone FREE ! so get txtin now and tell ur friends. 150p/tone. 16 reply HL 4info"
ham,"Reckon need to be in town by eightish to walk from * carpark."
ham,"Lol wtf random. Btw is that your lunch break"
ham,"IM REALY SOZ IMAT MY MUMS 2NITE WHAT ABOUT 2MORO "
spam,"You missed a delivery. Reschedule your shipment by confirming your address."
ham,"Sorry man my account's dry or I would, if you want we could trade back half or I could buy some shit with my credit card"
ham,"I'll be late..."
ham,"I will be outside office take all from there"
ham,"Come around  &lt;DECIMAL&gt; pm vikky..i'm otside nw, il come by tht time"
ham,"Yup, no need. I'll jus wait 4 e rain 2 stop."
ham,"Aight, I'll text you when I'm back"
ham,"Whens your radio show?"
spam,"Your PayPal account has suspicious activity. Log in here to secure it."
ham,"Did you see the announcement from the professor?"
ham,"Good luck on your exam tomorrow, you’ll do great."
ham,"Let’s catch up this weekend if you’re free."
ham,"Hm good morning, headache anyone? :-)"
ham,"Rightio. 11.48 it is then. Well arent we all up bright and early this morning."
ham,"Sure, I'll see if I can come by in a bit"
ham,"Yeah he got in at 2 and was v apologetic. n had fallen out and she was actin like spoilt child and he got caught up in that. Till 2! But we won't go there! Not doing too badly cheers. You? "
ham,"K, makes sense, btw carlos is being difficult so you guys are gonna smoke while I go pick up the second batch and get gas"
spam,"Block Breaker now comes in deluxe format with new features and great graphics from T-Mobile. Buy for just £5 by replying GET BBDELUXE and take the challenge"
spam,"Security alert: Your email will be deactivated. Keep it active by logging in now."
ham,"Sorry, I'll call later"
spam,"Security alert: Your email will be deactivated. Keep it active by logging in now."
ham,"Really good:)dhanush rocks once again:)"
ham,"I emailed you the document, let me know if it opens."
spam,"Act now and reduce your student loan debt by 80%. Enroll in our program."
ham,"yay! finally lol. i missed our cinema trip last week :-("
ham,"Nah it's straight, if you can just bring bud or drinks or something that's actually a little more useful than straight cash"
ham,"Yes.. now only saw your message.."
ham,"Do u ever get a song stuck in your head for no reason and it won't go away til u listen to it like 5 times?"
ham,"I am getting threats from your sales executive Shifad as i raised complaint against him. Its an official message."
ham,"Thk shld b can... Ya, i wana go 4 lessons... Haha, can go for one whole stretch..."
ham,"Sorry, I can't help you on this."
ham,"Congratulations ore mo owo re wa. Enjoy it and i wish you many happy moments to and fro wherever you go"
spam,"FREE MESSAGE Activate your 500 FREE Text Messages by replying to this message with the word FREE For terms & conditions, visit www.07781482378.com"
ham,"Now get step 2 outta the way. Congrats again."
spam,"You missed a delivery. Reschedule your shipment by confirming your address."
spam,"Your tax refund is ready. Submit your bank details to receive your payment."
ham,"Hi kindly give us back our documents which we submitted for loan from STAPATI"
ham,"Aft i finish my lunch then i go str down lor. Ard 3 smth lor. U finish ur lunch already?"
ham,"Did u download the fring app?"
spam,"LookAtMe!: Thanks for your purchase of a video clip from LookAtMe!, you've been charged 35p. Think you can do better? Why not send a video in a MMSto 32323."
ham,"MMM ... Fuck .... Merry Christmas to me"
ham,"IM GONNA MISS U SO MUCH"
ham,"Thats cool. i liked your photos. You are very sexy!"
ham,"I got arrested for possession at, I shit you not,  &lt;TIME&gt;  pm"
ham,"Sorry I flaked last night, shit's seriously goin down with my roommate, what you up to tonight?"
ham,"Did you see the announcement from the professor?"
ham,"I've not called you in a while. This is hoping it was l8r malaria and that you know that we miss you guys. I miss Bani big, so pls give her my love especially. Have a great day."
ham,"When did i use soc... I use it only at home... Ü dunno how 2 type it in word ar..."
ham,"Aslamalaikkum....insha allah tohar beeen muht albi mufti mahfuuz...meaning same here...."
ham,"My trip was ok but quite tiring lor. Uni starts today but it's ok 4 me cos i'm not taking any modules but jus concentrating on my final yr project."
spam,"Final Chance! Claim ur £150 worth of discount vouchers today! Text YES to 85023 now! SavaMob, member offers mobile! T Cs SavaMob POBOX84, M263UZ. £3.00 Subs 16"
ham,"If you're still up, maybe leave the credit card so I can get gas when I get back like he told me to"
ham,"Sure! I am driving but will reach my destination soon."
ham,"Great. I'm in church now, will holla when i get out"
ham,"Dont know you bring some food"
ham,"Babe ? I lost you ... Will you try rebooting ?"
ham,"Ok."
ham,"Lol they were mad at first but then they woke up and gave in."
spam,"Exclusive deal! Get a new credit card with $5000 limit, no credit check."
ham,"Hope you are feeling great. Pls fill me in. Abiola"
ham,"No dude, its not fake..my frnds got money, thts y i'm reffering u..if u member wit my mail link, u vl be credited  &lt;#&gt; rs and il be getiing  &lt;#&gt; rs..i can draw my acc wen it is  &lt;#&gt; rs.."
ham,"I just cooked a rather nice salmon a la you"
ham,"Stupid.its not possible"
ham,"Can you send me the notes from class when you get a chance?"
ham,"Tessy..pls do me a favor. Pls convey my birthday wishes to Nimya..pls dnt forget it. Today is her birthday Shijas"
spam,"This is not a joke! You are our grand prize winner. Click to claim your reward."
ham,"That's significant but dont worry."
ham,"Yes. Rent is very expensive so its the way we save."
ham,"I'm on my way home. Went to change batt 4 my watch then go shop a bit lor."
ham,"Hahaha..use your brain dear"
spam,"500 New Mobiles from 2004, MUST GO! Txt: NOKIA to No: 89545 & collect yours today!From ONLY £1 www.4-tc.biz 2optout 087187262701.50gbp/mtmsg18 TXTAUCTION"
ham,"Ok then i will come to ur home after half an hour"
ham,"How much you got for cleaning"
ham,"Hey anyway i have to :-)"
ham,"Sorry battery died, yeah I'm here"
ham,"Yes.mum lookin strong:)"
ham,"Ok Chinese food on its way. When I get fat you're paying for my lipo."
ham,"She's fine. Good to hear from you. How are you my dear? Happy new year oh."
ham,"I want to go to perumbavoor"
spam,"Burger King - Wanna play footy at a top stadium? Get 2 Burger King before 1st Sept and go Large or Super with Coca-Cola and walk out a winner"
ham,"I went to project centre"
ham,"Cool, text me when you head out"
spam,"PRIVATE! Your 2003 Account Statement for shows 800 un-redeemed S.I.M. points. Call 08715203685 Identifier Code:4xx26 Expires 13/10/04"
ham,"Hey babe, how's it going ? Did you ever figure out where your going for New Years ?"
ham,"What Today-sunday..sunday is holiday..so no work.."
ham,"By the way, 'rencontre' is to meet again. Mountains dont...."
spam,"Camera - You are awarded a SiPix Digital Camera! call 09061221066 fromm landline. Delivery within 28 days."
ham,"Great. So should i send you my account number."
ham,"Friends that u can stay on fb chat with"
ham,"Are you going to write ccna exam this week??"
ham,"That's cause your old. I live to be high."
ham,"Sorry, I'll call later"
ham,"Don't forget who owns you and who's private property you are ... And be my good boy always .. *passionate kiss*"
ham,"I meant as an apology from me for texting you to get me drugs at  &lt;#&gt; at night"
ham,"Serious? What like proper tongued her"
ham,"Babe ! What are you doing ? Where are you ? Who are you talking to ? Do you think of me ? Are you being a good boy? Are you missing me? Do you love me ?"
ham,"K, fyi I'm back in my parents' place in south tampa so I might need to do the deal somewhere else"
ham,"aathi..where are you dear.."
ham,"When are you going to ride your bike?"
ham,"How's ur paper?"
ham,"No sir. That's why i had an 8-hr trip on the bus last week. Have another audition next wednesday but i think i might drive this time."
spam,"FREE RINGTONE text FIRST to 87131 for a poly or text GET to 87131 for a true tone! Help? 0845 2814032 16 after 1st free, tones are 3x£150pw to e£nd txt stop"
ham,"I guess that's why you re worried. You must know that there's a way the body repairs itself. And i'm quite sure you shouldn't worry. We'll take it slow. First the tests, they will guide when your ovulation is then just relax. Nothing you've said is a reason to worry but i.ll keep on followin you up."
ham,"Sorry. || mail? || "
ham,"You've already got a flaky parent. It'snot supposed to be the child's job to support the parent...not until they're The Ride age anyway. I'm supposed to be there to support you. And now i've hurt you. unintentional. But hurt nonetheless."
spam,"You are the lucky winner of our monthly lottery. Confirm your identity here."
ham,"Thts god's gift for birds as humans hav some natural gift frm god.."
ham,"Thats cool princess! I will cover your face in hot sticky cum :)"
ham,"Pls send me a comprehensive mail about who i'm paying, when and how much."
spam,"Twinks, bears, scallies, skins and jocks are calling now. Don't miss the weekend's fun. Call 08712466669 at 10p/min. 2 stop texts call 08712460324(nat rate)"
spam,"You have been chosen for a special rewards program. Complete the form to qualify."
ham,"New Theory: Argument wins d SITUATION, but loses the PERSON. So dont argue with ur friends just.. . . . kick them &amp; say, I'm always correct.!"
spam,"Mobile Club: Choose any of the top quality items for your mobile. 7cfca1a"
ham,"Ya! when are ü taking ure practical lessons? I start in june..  "
spam,"URGENT: Your bank account has been locked. Verify your details immediately."
ham,"I'm at home n ready..."
ham,"Don't Think About ""What u Have Got"" Think About ""How to Use It That You Have Got"" gooD ni8"
ham,"1) Go to write msg 2) Put on Dictionary mode 3)Cover the screen with hand, 4)Press  &lt;#&gt; . 5)Gently remove Ur hand.. Its interesting..:)"
ham,"I’ll be a bit late to the call, stuck in traffic."
ham,"I dun believe u. I thk u told him."
ham,"Rofl. Its true to its name"
ham,"PICK UR FONE UP NOW U DUMB?"
ham,"Alright we'll bring it to you, see you in like  &lt;#&gt;  mins"
ham,"Let me know if you need anything from the store."
ham,"Meeting got moved to 3pm, does that still work?"
ham,"Buzz! Hey, my Love ! I think of you and hope your day goes well. Did you sleep in ? I miss you babe. I long for the moment we are together again*loving smile*"
spam,"Congrats 2 mobile 3G Videophones R yours. call 09063458130 now! videochat wid ur mates, play java games, Dload polypH music, noline rentl. bx420. ip4. 5we. 150p"
ham,"Dear friends, sorry for the late information. Today is the birthday of our loving Ar.Praveesh. for more details log on to face book and see. Its his number + &lt;#&gt; . Dont miss a delicious treat."
ham,"EY! CALM DOWNON THEACUSATIONS.. ITXT U COS IWANA KNOW WOTU R DOIN AT THEW/END... HAVENTCN U IN AGES..RING ME IF UR UP4 NETHING SAT.LOVE J XXX."
ham,"Ü dun wan to watch infernal affair?"
ham,"Mode men or have you left."
ham,"No management puzzeles."
ham,"Not much, just some textin'. How bout you?"
ham,"TODAY is Sorry day.! If ever i was angry with you, if ever i misbehaved or hurt you? plz plz JUST SLAP URSELF Bcoz, Its ur fault, I'm basically GOOD"
ham,"Its ok, if anybody asks abt me, u tel them..:-P"
ham,"I walked an hour 2 c u! doesnt that show I care y wont u believe im serious?"
ham,"So how's the weather over there?"
ham,"A guy who gets used but is too dumb to realize it."
ham,"I know a few people I can hit up and fuck to the yes"
ham,"Any chance you might have had with me evaporated as soon as you violated my privacy by stealing my phone number from your employer's paperwork. Not cool at all. Please do not contact me again or I will report you to your supervisor."
spam,"Congratulations! Thanks to a good friend U have WON the £2,000 Xmas prize. 2 claim is easy, just call 08718726971 NOW! Only 10p per minute. BT-national-rate."
ham,"Ü come lt 25 n pass to me lar"
ham,"Christmas is An occasion that is Celebrated as a Reflection of UR... Values..., Desires..., Affections...&amp; Traditions.... Have an ideal Christmas..."
ham,"So there's a ring that comes with the guys costumes. It's there so they can gift their future yowifes. Hint hint"
spam,"Had your mobile 11mths ? Update for FREE to Oranges latest colour camera mobiles & unlimited weekend calls. Call Mobile Upd8 on freefone 08000839402 or 2StopTxt"
ham,"Not from this campus. Are you in the library?"
ham,"Thank u. IT BETTER WORK OUT CAUSE I WILL FEEL USED OTHERWISE"
spam,"Your Apple ID has been locked for security reasons. Verify your account here."
ham,"Can you send me the notes from class when you get a chance?"
ham,"We not leaving yet. Ok lor then we go elsewhere n eat. U thk..."
ham,"I'll text now! All creepy like so he won't think that we forgot"
ham,"Unfortunately i've just found out that we have to pick my sister up from the airport that evening so don't think i'll be going out at all. We should try to go out one of th"
spam,"Your Netflix subscription has expired. Update your billing info to continue watching."
spam,"This is not a joke! You are our grand prize winner. Click to claim your reward."
ham,"U're welcome... Caught u using broken english again..."
ham,"I emailed you the document, let me know if it opens."
ham,"East coast"
ham,"Also where's the piece"
ham,"I'm really not up to it still tonight babe"
ham,"So u gonna get deus ex?"
ham,"K, want us to come by now?"
ham,"Think i might have to give it a miss. Am teaching til twelve, then have lecture at two. Damn this working thing."
ham,"Tired. I haven't slept well the past few nights."
spam,"You have 1 new message. Please call 08712400200."
ham,"Aaooooright are you at work?"
ham,"Future is not what we planned for tomorrow.....! it is the result of what we do today...! Do the best in present... enjoy the future."
ham,"Let me know if you need anything from the store."
ham,"Dear good morning now only i am up"
spam,"URGENT: Your bank account has been locked. Verify your details immediately."
ham," gonna let me know cos comes bak from holiday that day.  is coming. Don't4get2text me  number. "
ham,"Are we doing the norm tomorrow? I finish just a 4.15 cos of st tests. Need to sort library stuff out at some point tomo - got letter from today - access til end march so i better get move on!"
spam,"Last Chance! Claim ur £150 worth of discount vouchers today! Text SHOP to 85023 now! SavaMob, offers mobile! T Cs SavaMob POBOX84, M263UZ. £3.00 Sub. 16"
ham,"Do you know why god created gap between your fingers..? So that, One who is made for you comes &amp; fills those gaps by holding your hand with LOVE..!"
spam,"This is the 2nd attempt to contract U, you have won this weeks top prize of either £1000 cash or £200 prize. Just call 09066361921"
ham,"I ask if u meeting da ge tmr nite..."
spam,"You are guaranteed the latest Nokia Phone, a 40GB iPod MP3 player or a £500 prize! Txt word: COLLECT to No: 83355! IBHltd LdnW15H 150p/Mtmsgrcvd18"
ham,"is your hamster dead? Hey so tmr i meet you at 1pm orchard mrt? "
ham,"Just got up. have to be out of the room very soon. …. i hadn't put the clocks back til at 8 i shouted at everyone to get up and then realised it was 7. wahay. another hour in bed."
ham,"Hey. You got any mail?"
ham,"THATS ALRITE GIRL, U KNOW GAIL IS NEVA WRONG!!TAKE CARE SWEET AND DONT WORRY.C U L8TR HUN!LOVE Yaxxx"
ham,"R u still working now?"
spam,"Urgent! call 09066612661 from landline. Your complementary 4* Tenerife Holiday or £10,000 cash await collection SAE T&Cs PO Box 3 WA14 2PX 150ppm 18+ Sender: Hol Offer"
ham,"I'm in solihull, | do you want anything?"
ham,"Is toshiba portege m100 gd?"
ham,"Yeah, don't go to bed, I'll be back before midnight"
spam,"UR GOING 2 BAHAMAS! CallFREEFONE 08081560665 and speak to a live operator to claim either Bahamas cruise of£2000 CASH 18+only. To opt out txt X to 07786200117"
ham,"Good luck on your exam tomorrow, you’ll do great."
ham,"I’ll bring the snacks, you bring the drinks."
ham,"Ok i also wan 2 watch e 9 pm show..."
ham,"Dunno lei ü all decide lor. How abt leona? Oops i tot ben is going n i msg him."
ham,"Goodmorning,my grandfather expired..so am on leave today."
ham,"I can't speak, bcaz mobile have problem. I can listen you but you cann't listen my voice. So i calls you later."
spam,"Reply to win £100 weekly! Where will the 2006 FIFA World Cup be held? Send STOP to 87239 to end service"
spam,"Text82228>> Get more ringtones, logos and games from www.txt82228.com. Questions: info@txt82228.co.uk"
ham,"Dude avatar 3d was imp. At one point i thought there were actually flies in the room and almost tried hittng one as a reflex"
ham,"Goodnight, sleep well da please take care pa. Please."
ham,"Tell your friends what you plan to do on Valentines day @ &lt;URL&gt;"
ham,"Lol! Oops sorry! Have fun. "
spam,"Urgent Ur £500 guaranteed award is still unclaimed! Call 09066368327 NOW closingdate04/09/02 claimcode M39M51 £1.50pmmorefrommobile2Bremoved-MobyPOBox734LS27YF"
ham,"Did u find out what time the bus is at coz i need to sort some stuff out."
ham,"Tomarrow i want to got to court. At  &lt;DECIMAL&gt; . So you come to bus stand at 9."
ham,"Dad says hurry the hell up"
ham,"Total disappointment, when I texted you was the craziest shit got :("
spam,"URGENT: Your bank account has been locked. Verify your details immediately."
ham,"Thanks for the update, I’ll review it tonight."
ham,"So why didnt you holla?"
ham,"Stop calling everyone saying I might have cancer. My throat hurts to talk. I can't be answering everyones calls. If I get one more call I'm not babysitting on Monday"
ham,"Hows the pain dear?y r u smiling?"
ham,"Aight yo, dats straight dogg"
ham,"Jus finish blowing my hair. U finish dinner already?"
ham,"Lmao!nice 1"
spam,"Your Netflix subscription has expired. Update your billing info to continue watching."
ham,"Come to my home for one last time i wont do anything. Trust me."
ham,"Okay lor... Wah... like that def they wont let us go... Haha... What did they say in the terms and conditions?"
ham,"Are you free to grab lunch sometime this week?"
ham,"Hey u still at the gym?"
spam,"Had your mobile 10 mths? Update to the latest Camera/Video phones for FREE. KEEP UR SAME NUMBER, Get extra free mins/texts. Text YES for a call"
spam,"Claim your free vacation package to Hawaii! Just pay small processing fee."
ham,"We should plan a trip during the break, any ideas?"
spam,"Act now and reduce your student loan debt by 80%. Enroll in our program."
ham,"Wah... Okie okie... Muz make use of e unlimited... Haha... "
spam,"Do you want a New Nokia 3510i colour phone DeliveredTomorrow? With 300 free minutes to any mobile + 100 free texts + Free Camcorder reply or call 08000930705"
ham,"I know where the  &lt;#&gt;  is, I'll be there around 5"
ham,"S...from the training manual it show there is no tech process:)its all about password reset and troubleshooting:)"
ham,"Helloooo... Wake up..! ""Sweet"" ""morning"" ""welcomes"" ""You"" ""Enjoy"" ""This Day"" ""with full of joy"".. ""GUD MRNG""."
ham,"Derp. Which is worse, a dude who always wants to party or a dude who files a complaint about the three drug abusers he lives with"
spam,"Sorry I missed your call let's talk when you have the time. I'm on 07090201529"
ham,"Or maybe my fat fingers just press all these buttons and it doesn't know what to do."
ham,"That means you got an A in epi, she.s fine. She.s here now."
ham,"Wait  &lt;#&gt;  min.."
ham,"K give me a sec, breaking a  &lt;#&gt;  at cstore"
ham,"Just wanted to say thanks for your help today."
ham,"I am thinking of going down to reg for pract lessons.. Flung my advance.. Haha wat time u going?"
ham,"Multiply the numbers independently and count decimal points then, for the division, push the decimal places like i showed you."
spam,"Get rich working from home! Earn $5000 a week with no experience. Join today."
ham,"What Today-sunday..sunday is holiday..so no work.."
spam,"This is not a joke! You are our grand prize winner. Click to claim your reward."
ham,"I dont thnk its a wrong calling between us"
ham,"Nothing but we jus tot u would ask cos u ba gua... But we went mt faber yest... Yest jus went out already mah so today not going out... Jus call lor..."
ham,"Hello- thanx for taking that call. I got a job! Starts on monday!"
ham,"Remember all those whom i hurt during days of satanic imposter in me.need to pay a price,so be it.may destiny keep me going and as u said pray that i get the mind to get over the same."
spam,"If you don't, your prize will go to another customer. T&C at www.t-c.biz 18+ 150p/min Polo Ltd Suite 373 London W1J 6HL Please call back if busy"
spam,"Win a £1000 cash prize or a prize worth £5000"
spam,"Dear Voucher Holder, To claim this weeks offer, at you PC please go to http://www.e-tlp.co.uk/expressoffer Ts&Cs apply. To stop texts, txt STOP to 80062"
ham,"What part of ""don't initiate"" don't you understand"
ham,"Also andros ice etc etc"
ham,"Lul im gettin some juicy gossip at the hospital. Two nurses are talking about how fat they are gettin. And one thinks shes obese. Oyea."
ham,"In sch but neva mind u eat 1st lor.."
ham,"Ok"
ham,"Yunny... I'm goin to be late"
ham,"Ok... Then r we meeting later?"
ham,"Check with nuerologist."
ham,"No no:)this is kallis home ground.amla home town is durban:)"
ham,"If you hear a loud scream in about &lt;#&gt; minutes its cause my Gyno will be shoving things up me that don't belong :/"
ham,"Arun can u transfr me d amt"
spam,"Urgent! Please call 09061743811 from landline. Your ABTA complimentary 4* Tenerife Holiday or £5000 cash await collection SAE T&Cs Box 326 CW25WX 150ppm"
ham,"Happy birthday! Hope you have an amazing day."
ham,"I see the letter B on my car"
ham,"You also didnt get na hi hi hi hi hi"
ham,"K ill drink.pa then what doing. I need srs model pls send it to my mail id pa."
ham,"I promise to take good care of you, princess. I have to run now. Please send pics when you get a chance. Ttyl!"
spam,"T-Mobile customer you may now claim your FREE CAMERA PHONE upgrade & a pay & go sim card for your loyalty. Call on 0845 021 3680.Offer ends 28thFeb.T&C's apply"
ham,"You are not bothering me but you have to trust my answers. Pls."
ham,"I;m reaching in another 2 stops."
ham,"Somebody should go to andros and steal ice"
ham,"U guys never invite me anywhere :("
ham,"Did you try making another butt."
ham,"No other Valentines huh? The proof is on your fb page. Ugh I'm so glad I really DIDN'T watch your rupaul show you TOOL!"
ham,"Yup i'm free..."
ham,"You have registered Sinco as Payee. Log in at icicibank.com and enter URN  &lt;#&gt;  to confirm. Beware of frauds. Do NOT share or disclose URN to anyone."
ham,"Hey, are we still on for the meeting tomorrow?"
ham,"Good. Good job. I like entrepreneurs"
spam,"Win cash prizes up to $10,000! Sign up now and start earning."
ham,"We have sent JD for Customer Service cum Accounts Executive to ur mail id, For details contact us"
ham,"Speak only when you feel your words are better than the silence... Gud mrng:-)"
spam,"Please call our customer service representative on FREEPHONE 0808 145 4742 between 9am-11pm as you have WON a guaranteed £1000 cash or £5000 prize!"
ham,"Good luck on your exam tomorrow, you’ll do great."
ham,"Meeting got moved to 3pm, does that still work?"
ham,"Anything..."
ham,"Nothing just getting msgs by dis name wit different no's.."
ham,"Aight, I should be there by 8 at the latest, probably closer to 7. Are jay and tyler down or should we just do two trips?"
ham,"Mum, i've sent you many many messages since i got here. I just want to know that you are actually getting them. Do enjoy the rest of your day."
ham,"Ok that would b lovely, if u r sure. Think about wot u want to do, drinkin, dancin, eatin, cinema, in, out, about... Up to u! Wot about ? "
ham,"So how's scotland. Hope you are not over showing your JJC tendencies. Take care. Live the dream"
ham,"You still coming tonight?"
ham,"It just seems like weird timing that the night that all you and g want is for me to come smoke is the same day as when a shitstorm is attributed to me always coming over and making everyone smoke"
ham,"K I'll be there before 4."
ham,"I don know account details..i will ask my mom and send you.my mom is out of reach now."
spam,"You are the lucky winner of our monthly lottery. Confirm your identity here."
ham,"Howz pain.it will come down today.do as i said ystrday.ice and medicine."
ham,"I will come tomorrow di"
ham,"So what did the bank say about the money?"
ham,"K..k..i'm also fine:)when will you complete the course?"
ham,"I’ll call you later tonight after work."
spam,"Congratulations! You have won a $1000 Amazon gift card. Click the link to claim now!"
ham,"Gudnite....tc...practice going on"
ham,"K..k..any special today?"
ham,"I don't think I can get away for a trek that long with family in town, sorry"
ham,"When you came to hostel."
ham,"Happy birthday! Hope you have an amazing day."
ham,"I dont knw pa, i just drink milk.."
ham,"Idea will soon get converted to live:)"
ham,"I'm leaving my house now..."
ham,"Nah can't help you there, I've never had an iphone"
ham,"How much did ur hdd casing cost."
spam,"Your Netflix subscription has expired. Update your billing info to continue watching."
ham,"dont make ne plans for nxt wknd coz she wants us to come down then ok"
ham,"Yes.he have good crickiting mind"
ham,"You available now? I'm like right around hillsborough &amp;  &lt;#&gt; th"
ham,"What happened in interview?"
ham,"Waiting in e car 4 my mum lor. U leh? Reach home already?"
ham,"G wants to know where the fuck you are"
ham,"Im sorry bout last nite it wasnt ur fault it was me, spouse it was pmt or sumthin! U 4give me? I think u shldxxxx"
ham,"I need an 8th but I'm off campus atm, could I pick up in an hour or two?"
ham,"I'm not coming home 4 dinner."
ham,"Ok I'm gonna head up to usf in like fifteen minutes"
ham,"Dear :-/ why you mood off. I cant drive so i brother to drive"
ham,"Ok try to do week end course in coimbatore."
ham,"Hello-/@drivby-:0quit edrunk sorry iff pthis makes no senrd-dnot no how ^ dancce 2 drum n basq!ihave fun 2nhite x ros xxxxxxx"
ham,"Ok lor."
ham,"Time n Smile r the two crucial things in our life. Sometimes time makes us to forget smile, and sometimes someone's smile makes us to forget time gud noon"
ham,"I WILL CAL YOU SIR. In meeting"
spam,"Thanks for your ringtone order, reference number X49. Your mobile will be charged 4.50. Should your tone not arrive please call customer services 09065989182. From: [colour=red]text[/colour]TXTstar"
ham,"Happy birthday... May u find ur prince charming soon n dun work too hard..."
ham,"Hey, are we still on for the meeting tomorrow?"
spam,"Get rich working from home! Earn $5000 a week with no experience. Join today."
ham,"Big brother‘s really scraped the barrel with this shower of social misfits"
ham,"Ah you see. You have to be in the lingo. I will let you know wot on earth it is when has finished making it!"
ham,"Its not the same here. Still looking for a job. How much do Ta's earn there."
spam,"URGENT! We are trying to contact you. Last weekends draw shows that you have won a £900 prize GUARANTEED. Call 09061701939. Claim code S89. Valid 12hrs only"
ham,"Dunno lei shd b driving lor cos i go sch 1 hr oni."
ham,"Call me when you get the chance plz &lt;3"
ham,"Yeah my usual guy's out of town but there're definitely people around I know"
ham,"Think you sent the text to the home phone. That cant display texts. If you still want to send it his number is"
spam,"Dear Voucher holder Have your next meal on us. Use the following link on your pc 2 enjoy a 2 4 1 dining experiencehttp://www.vouch4me.com/etlp/dining.asp"
ham,"Say this slowly.? GOD,I LOVE YOU &amp; I NEED YOU,CLEAN MY HEART WITH YOUR BLOOD.Send this to Ten special people &amp; u c miracle tomorrow, do it,pls,pls do it..."
ham,"Mmmm.... I cant wait to lick it!"
ham,"Im just wondering what your doing right now?"
ham,"Text her. If she doesnt reply let me know so i can have her log in"
ham,"Well there's not a lot of things happening in Lindsay on New years *sighs* Some bars in Ptbo and the blue heron has something going"
ham,"We are okay. Going to sleep now. Later"
spam,"Text PASS to 69669 to collect your polyphonic ringtones. Normal gprs charges apply only. Enjoy your tones"
ham,"I know you are thinkin malaria. But relax, children cant handle malaria. She would have been worse and its gastroenteritis. If she takes enough to replace her loss her temp will reduce. And if you give her malaria meds now she will just vomit. Its a self limiting illness she has which means in a few days it will completely stop"
ham,"Thanks again for covering my shift yesterday."
ham,"Can you pls send me that company name. In saibaba colany"
ham,"Horrible u eat macs eat until u forgot abt me already rite... U take so long 2 reply. I thk it's more toot than b4 so b prepared. Now wat shall i eat?"
ham,"&lt;#&gt;  is fast approaching. So, Wish u a very Happy New Year Happy Sankranti Happy republic day Happy Valentines Day Happy Shivratri Happy Ugadi Happy Fools day Happy May Day Happy Independence Day, Happy Friendship,Mother,Father,Teachers,Childrens Day, &amp; HAPPY BIRTHDAY 4 U. Happy Ganesh festival Happy Dasara Happy Diwali Happy Christmas  &lt;#&gt;  Good Mornings Afternoons, Evenings Nights. RememberI AM the first to WISHING U ALL THESE...your's Raj"
ham,"Ok.ok ok..then..whats ur todays plan"
spam,"You have an important customer service announcement from PREMIER."
ham,"Armand says get your ass over to epsilon"
spam,"Urgent -call 09066649731from Landline. Your complimentary 4* Ibiza Holiday or £10,000 cash await collection SAE T&Cs PO BOX 434 SK3 8WP 150ppm 18+"
ham,"Hi darlin im on helens fone im gonna b up the princes 2 nite please come up tb love Kate"
spam,"sports fans - get the latest sports news str* 2 ur mobile 1 wk FREE PLUS a FREE TONE Txt SPORT ON to 8007 www.getzed.co.uk 0870141701216+ norm 4txt/120p "
ham,"What you thinked about me. First time you saw me in class."
ham,"No shoot me. I'm in the docs waiting room. :/"
ham,"I had a good time too. Its nice to do something a bit different with my weekends for a change. See ya soon"
ham,"Can u look 4 me in da lib i got stuff havent finish yet."
ham,"ALRITE SAM ITS NIC JUST CHECKIN THAT THIS IS UR NUMBER-SO IS IT?T.B*"
ham,"I knew it... U slept v late yest? Wake up so late..."
ham,"Super da:)good replacement for murali"
ham,"Just wanted to say thanks for your help today."
ham,"when you and derek done with class?"
ham,"Daddy will take good care of you :)"
ham,"Lol yes. Our friendship is hanging on a thread cause u won't buy stuff."
spam,"Act now and reduce your student loan debt by 80%. Enroll in our program."
ham,"Alex says he's not ok with you not being ok with it"
ham,"Lol you won't feel bad when I use her money to take you out to a steak dinner =D"
ham,"Joy's father is John. Then John is the ____ of Joy's father. If u ans ths you hav  &lt;#&gt;  IQ. Tis s IAS question try to answer."
ham,"How long has it been since you screamed, princess?"
ham,"Jus chillaxin, what up"
ham,"Nowadays people are notixiquating the laxinorficated opportunity for bambling of entropication.... Have you ever oblisingately opted ur books for the masteriastering amplikater of fidalfication? It is very champlaxigating, i think it is atrocious.. Wotz Ur Opinion???? Junna"
spam,"U have a secret admirer who is looking 2 make contact with U-find out who they R*reveal who thinks UR so special-call on 09058094599"
ham,"HI DARLIN HOW WAS WORK DID U GET INTO TROUBLE? IJUST TALKED TO YOUR MUM ALL MORNING! I HAD A REALLY GOOD TIME LAST NIGHT IM GOIN OUT SOON BUT CALL ME IF U CAN"
ham,"No. She's currently in scotland for that."
ham,"Thanks for ve lovely wisheds. You rock"
ham,"We should plan a trip during the break, any ideas?"
spam,"Limited time crypto investment opportunity with guaranteed returns. Invest today."
ham,"S:-)kallis wont play in first two odi:-)"
ham,"Sorry, I'll call later  &lt;#&gt; mins"
ham,"Is that on the telly? No its Brdget Jones!"
ham,"I can't believe how attached I am to seeing you every day. I know you will do the best you can to get to me babe. I will go to teach my class at your midnight"
spam,"Ur balance is now £500. Ur next question is: Who sang 'Uptown Girl' in the 80's ? 2 answer txt ur ANSWER to 83600. Good luck!"
ham,"Got meh... When?"
ham,"K, wen ur free come to my home and also tel vikky i hav sent mail to him also.. Better come evening il be free today aftr 6pm..:-)"
ham,"Hi dear we saw dear. We both are happy. Where you my battery is low"
ham,"Hi msg me:)i'm in office.."
spam,"Please call our customer service representative on 0800 169 6031 between 10am-9pm as you have WON a guaranteed £1000 cash or £5000 prize!"
ham,"Yeah like if it goes like it did with my friends imma flip my shit in like half an hour"
ham,"Erm. I thought the contract ran out the4th of october."
ham,"Ok i wont call or disturb any one. I know all are avoiding me. I am a burden for all"
spam,"Free video camera phones with Half Price line rental for 12 mths and 500 cross ntwk mins 100 txts. Call MobileUpd8 08001950382 or Call2OptOut/674"
ham,"Ok lor ü reaching then message me."
ham,"Hi Shanil,Rakhesh here.thanks,i have exchanged the uncut diamond stuff.leaving back. Excellent service by Dino and Prem."
ham,"Hey... Why dont we just go watch x men and have lunch... Haha "
ham,"Kallis wont bat in 2nd innings."
ham,"Ever green quote ever told by Jerry in cartoon ""A Person Who Irritates u Always Is the one Who Loves u Vry Much But Fails to Express It...!..!! :-) :-) gud nyt"
spam,"This is not a joke! You are our grand prize winner. Click to claim your reward."
ham,"Good afternoon my boytoy. How goes that walking here and there day ? Did you get that police abstract? Are you still out and about? I wake and miss you babe"
ham,"Can you send me the notes from class when you get a chance?"
ham,"Dunno he jus say go lido. Same time 930."
ham,"Pls speak to that customer machan."
ham,"The LAY MAN! Just to let you know you are missed and thought off. Do have a great day. And if you can send me bimbo and ugo's numbers, ill appreciate. Safe"
ham,"No current and food here. I am alone also"
ham,"What do u reckon as need 2 arrange transport if u can't do it, thanks"
spam,"RECPT 1/3. You have ordered a Ringtone. Your order is being processed..."
spam,"Get rich working from home! Earn $5000 a week with no experience. Join today."
ham,"Sorry to be a pain. Is it ok if we meet another night? I spent late afternoon in casualty and that means i haven't done any of y stuff42moro and that includes all my time sheets and that. Sorry. "
spam,"Exclusive deal! Get a new credit card with $5000 limit, no credit check."
ham,"Not really dude, have no friends i'm afraid :("
ham,"We'll you pay over like  &lt;#&gt; yrs so its not too difficult"
ham,"Dnt worry...use ice pieces in a cloth pack.also take 2 tablets."
ham,"I want to lick your pussy now..."
spam,"URGENT! Your mobile number *************** WON a £2000 Bonus Caller prize on 10/06/03! This is the 2nd attempt to reach you! Call 09066368753 ASAP! Box 97N7QP, 150ppm"
ham,"Yeah that's the impression I got"
ham,"Miles and smiles r made frm same letters but do u know d difference..? smile on ur face keeps me happy even though I am miles away from u.. :-)keep smiling.. Good nyt"
ham,"From someone not to smoke when every time I've smoked in the last two weeks is because of you calling or texting me that you wanted to smoke"
ham,"Hi juan. Im coming home on fri hey. Of course i expect a welcome party and lots of presents. Ill phone u when i get back. Loads of love nicky x x x x x x x x x"
ham,"Eh u remember how 2 spell his name... Yes i did. He v naughty make until i v wet."
ham,"Let’s catch up this weekend if you’re free."
ham,"get ready to moan and scream :)"
ham,"Prepare to be pleasured :)"
ham,"We can make a baby in yo tho"
ham,"Lmao. Take a pic and send it to me."
ham,"Aight ill get on fb in a couple minutes"
ham,"I’ll call you later tonight after work."
ham,"Good! No, don‘t need any receipts—well done! (…) Yes, please tell . What‘s her number, i could ring her"
spam,"Want the latest Video handset? 750 anytime any network mins? Half price line rental? Reply or call 08000930705 for delivery tomorrow"
ham,"It should take about  &lt;#&gt;  min"
ham,"I want kfc its Tuesday. Only buy 2 meals ONLY 2. No gravy. Only 2 Mark. 2!"
ham,"They are just making it easy to pay back. I have  &lt;#&gt; yrs to say but i can pay back earlier. You get?"
ham,"The  &lt;#&gt; g that i saw a few days ago, the guy wants sell wifi only for  &lt;#&gt;  and with 3g for  &lt;#&gt; . That's why i blanked him."
spam,"Fantasy Football is back on your TV. Go to Sky Gamestar on Sky Active and play £250k Dream Team. Scoring starts on Saturday, so register now!SKY OPT OUT to 88088"
spam,"Final notice: Your parcel is waiting for delivery fee payment. Pay now to receive."
ham,"Dun need to use dial up juz open da browser n surf..."
ham,"Yo theres no class tmrw right?"
spam,"You have won a guaranteed 32000 award or maybe even £1000 cash to claim ur award call free on 0800 ..... (18+). Its a legitimat efreefone number wat do u think???"
ham,"Hey pple...$700 or $900 for 5 nights...Excellent location wif breakfast hamper!!!"
spam,"FREE GAME. Get Rayman Golf 4 FREE from the O2 Games Arcade. 1st get UR games settings. Reply POST, then save & activ8. Press 0 key for Arcade. Termsapply"
ham,"Wrong phone! This phone! I answer this one but assume the other is people i don't well"
ham,"Frnd s not juz a word.....not merely a relationship.....its a silent promise which says ... "" I will be with YOU "" Wherevr.. Whenevr.. Forevr... Gudnyt dear.."
ham,"Why you Dint come with us."
spam,"Act now and reduce your student loan debt by 80%. Enroll in our program."
ham,"Me too. Mark is taking forever to pick up my prescription and the pain is coming back."
ham,"Lol! Nah wasn't too bad thanks. Its good to b home but its been quite a reality check. Hows ur day been? Did u do anything with website?"
spam,"REMINDER FROM O2: To get 2.50 pounds free call credit and details of great offers pls reply 2 this text with your valid name, house no and postcode"
ham,"Dunno lei he neva say..."
ham,"U wan 2 haf lunch i'm in da canteen now."
ham,"I HAVE A DATE ON SUNDAY WITH WILL!!"
ham,"Dear got train and seat mine lower seat"
spam,"You have been chosen for a special rewards program. Complete the form to qualify."
ham,"My battery is low babe"
spam,"WINNER!! As a valued network customer you have been selected to receivea £900 prize reward! To claim call 09061701461. Claim code KL341. Valid 12 hours only."
ham,"The sign of maturity is not when we start saying big things.. But actually it is, when we start understanding small things... *HAVE A NICE EVENING* BSLVYL"
ham,"Doing nothing, then u not having dinner w us?"
ham,"Maybe i could get book out tomo then return it immediately ..? Or something."
ham,"Where at were hungry too"
spam,"Our records indicate u maybe entitled to 5000 pounds in compensation for the Accident you had. To claim 4 free reply with CLAIM to this msg. 2 stop txt STOP"
ham,"Did you see the announcement from the professor?"
ham,"They will pick up and drop in car.so no problem.."
spam,"Customer service announcement. We recently tried to make a delivery to you but were unable to do so, please call 07090298926 to re-schedule. Ref:9307622"
ham,"That movie was so good, we should watch it again."
ham,"I can send you a pic if you like :)"
ham,"Baaaaaaaabe! Wake up ! I miss you ! I crave you! I need you!"
ham,"hi my darlin im on my way to London and we have just been smashed into by another driver! and have a big dent! im really missing u what have u been up to? xxx"
ham,"Dear where you. Call me"
ham,"That movie was so good, we should watch it again."
ham,"You're gonna have to be way more specific than that"
ham,"Hmmm.but you should give it on one day.."
ham,"Mom said dinner is at 7, don’t be late."
ham,"R u over scratching it?"
ham,"Ok then i will come to ur home after half an hour"
ham,"Lol grr my mom is taking forever with my prescription. Pharmacy is like 2 minutes away. Ugh."
ham,"Not course. Only maths one day one chapter with in one month we can finish."
ham,"You sure your neighbors didnt pick it up"
ham,"Eh ur laptop got no stock lei... He say mon muz come again to take a look c got a not..."
ham,"Gimme a few was  &lt;#&gt;  minutes ago"
ham,"Hi this is yijue, can i meet u at 11 tmr?"
spam,"You have been selected for a free iPhone 15. Limited time offer – claim today!"
ham,"Me sef dey laugh you. Meanwhile how's my darling anjie!"
spam,"Free entry in 2 a wkly comp to win FA Cup final tkts 21st May 2005. Text FA to 87121 to receive entry question(std txt rate)T&C's apply 08452810075over18's"
ham,"Gud mrng dear hav a nice day"
ham,"Thanks again for covering my shift yesterday."
ham,"I'm in chennai velachery:)"
ham,"Hi di is yijue we're meeting at 7 pm at esaplanade tonight."
ham,"You said to me before i went back to bed that you can't sleep for anything."
ham,"Does she usually take fifteen fucking minutes to respond to a yes or no question"
ham,"I have 2 sleeping bags, 1 blanket and paper and  phone details. Anything else?"
ham,"Yes..but they said its IT.,"
ham,"Yes there were many sweets"
ham,"1) Go to write msg 2) Put on Dictionary mode 3)Cover the screen with hand, 4)Press  &lt;#&gt; . 5)Gently remove Ur hand.. Its interesting..:)"
ham,"OH MR SHEFFIELD! You wanna play THAT game, okay. You're the boss and I'm the nanny. You give me a raise and I'll give YOU one!!"
ham,"Damn, poor zac doesn't stand a chance"
ham,"Yup next stop."
spam,"A £400 XMAS REWARD IS WAITING FOR YOU! Our computer has randomly picked you from our loyal mobile customers to receive a £400 reward. Just call 09066380611"
spam,"Double Mins & 1000 txts on Orange tariffs. Latest Motorola, SonyEricsson & Nokia with Bluetooth FREE! Call MobileUpd8 on 08000839402 or call2optout/HF8"
ham,"I not busy juz dun wan 2 go so early.. Hee.. "
ham,"Send this to ur friends and receive something about ur voice..... How is my speaking expression? 1.childish 2.naughty 3.Sentiment 4.rowdy 5.ful of attitude 6.romantic 7.shy 8.Attractive 9.funny  &lt;#&gt; .irritating  &lt;#&gt; .lovable. reply me.."
ham,"Am only searching for good dual sim mobile pa."
ham,"X course it 2yrs. Just so her messages on messenger lik you r sending me"
ham,"I miss you so much I'm so desparate I have recorded the message you left for me the other day and listen to it just to hear the sound of your voice. I love you"
ham,"Babe ! How goes that day ? What are you doing ? Where are you ? I sip my cappuccino and think of you, my love ... I send a kiss to you from across the sea"
ham,"You need to get up. Now."
ham,"How do friends help us in problems? They give the most stupid suggestion that Lands us into another problem and helps us forgt the previous problem"
ham,"Ok then i'll let him noe later n ask him call u tmr..."
ham,"Come round, it's . "
ham,"I'm awake oh. What's up."
ham,"How are you doing. How's the queen. Are you going for the royal wedding"
ham,"If india win or level series means this is record:)"
ham,"Going on nothing great.bye"
ham,"Then u better go sleep.. Dun disturb u liao.. U wake up then msg me lor.."
ham,"I went to project centre"
ham,"Do 1 thing! Change that sentence into: ""Because i want 2 concentrate in my educational career im leaving here.."""
ham,"How is my boy? No sweet words left for me this morning ... *sighs* ... How goes you day, my love ? Did you start your studying?"
ham,"Hello madam how are you ?"
ham,"I'm in office now da:)where are you?"
ham,"If we win its really no 1 side for long time."
ham,"Sorry,  in meeting I'll call you later"
ham,"Nite nite pocay wocay luv u more than n e thing 4eva I promise ring u 2morrowxxxx"
ham,"*deep sigh* ... I miss you :-( ... I am really surprised you haven't gone to the net cafe yet to get to me ... Don't you miss me?"
ham,"I've reached home n i bathe liao... U can call me now..."
spam,"FreeMsg: Fancy a flirt? Reply DATE now & join the UKs fastest growing mobile dating service. Msgs rcvd just 25p to optout txt stop to 83021. Reply DATE now!"
ham,"Is xy going 4 e lunch?"
ham,"I'm at work. Please call"
ham,"If You mean the website. Yes."
ham,"What i mean is do they come chase you out when its over or is it stated you can watch as many movies as you want."
ham,"Hey company elama po mudyadhu."
ham,"Long after I quit. I get on only like 5 minutes a day as it is."
ham,"Good afternoon sexy buns! How goes the job search ? I wake and you are my first thought as always, my love. I wish your fine and happy and know I adore you!"
ham,"Hi.:)technical support.providing assistance to us customer through call and email:)"
ham,":-( sad puppy noise"
ham,"Good evening! this is roger. How are you?"
ham,"Aight sorry I take ten years to shower. What's the plan?"
ham,"Dont let studying stress you out. L8r."
ham,"Good sleep is about rhythm. The person has to establish a rhythm that the body will learn and use. If you want to know more :-)"
ham,"I’ll bring the snacks, you bring the drinks."
ham,"If you still havent collected the dough pls let me know so i can go to the place i sent it to get the control number"
ham,"Good words.... But words may leave u in dismay many times."
ham,"Meeting got moved to 3pm, does that still work?"
ham,"Jay wants to work out first, how's 4 sound?"
ham,"Why did I wake up on my own &gt;:("
ham,"So how many days since then?"
ham,"I can ask around but there's not a lot in terms of mids up here"
ham,"Or u ask they all if next sat can a not. If all of them can make it then i'm ok lor."
ham,"Ups which is 3days also, and the shipping company that takes 2wks. The other way is usps which takes a week but when it gets to lag you may have to bribe nipost to get your stuff."
ham,"Good luck on your exam tomorrow, you’ll do great."
ham,"WHEN THE FIRST STRIKE IS A RED ONE. THE BIRD + ANTELOPE BEGIN TOPLAY IN THE FIELDOF SELFINDEPENDENCE BELIEVE THIS + THE FLOWER OF CONTENTION WILL GROW.RANDOM!"
ham,"Ok no prob. Take ur time."
ham,"Thanx a lot..."
ham,"What time you thinkin of goin?"
spam,"As a valued customer, I am pleased to advise you that following recent review of your Mob No. you are awarded with a £1500 Bonus Prize, call 09066364589"
ham,"Then why you came to hostel."
ham,"I'll be at mu in like  &lt;#&gt;  seconds"
ham,"Just looked it up and addie goes back Monday, sucks to be her"
spam,"Someone U know has asked our dating service 2 contact you! Cant Guess who? CALL 09058097189 NOW all will be revealed. POBox 6, LS15HB 150p "
ham,"Love it! The girls at the office may wonder why you are smiling but sore..."
spam,"Exclusive deal! Get a new credit card with $5000 limit, no credit check."
ham,"Ü dun need to pick ur gf?"
ham,"If you want to mapquest it or something look up ""usf dogwood drive"", that's the tiny street where the parking lot is"
ham,"Ugh hopefully the asus ppl dont randomly do a reformat."
spam,"You are the lucky winner of our monthly lottery. Confirm your identity here."
ham,"Yun ah.now ü wkg where?btw if ü go nus sc. Ü wana specialise in wad?"
ham,"naughty little thought: 'its better to flirt, flirt n flirt, rather than loving someone n gettin hurt, hurt n hurt...:-) Gud nyt"
ham,"As usual u can call me ard 10 smth."
ham,"i can call in  &lt;#&gt;  min if thats ok"
ham,"Gr8. So how do you handle the victoria island traffic. Plus when's the album due"
ham,"My slave! I want you to take 2 or 3 pictures of yourself today in bright light on your cell phone! Bright light!"
spam,"Final notice: Your parcel is waiting for delivery fee payment. Pay now to receive."
ham,"Yeah so basically any time next week you can get away from your mom &amp; get up before 3"
ham,"Can you say what happen"
ham,"But am going to college pa. What to do. are else ill come there it self. Pa."
ham,"Only once then after ill obey all yours."
ham,"Good luck on your exam tomorrow, you’ll do great."
ham,"Hey you told your name to gautham ah?"
ham,"You busy or can I come by at some point and figure out what we're doing tomorrow"
spam,"YOU HAVE WON! As a valued Vodafone customer our computer has picked YOU to win a £150 prize. To collect is easy. Just call 09061743386"
spam,"PRIVATE! Your 2004 Account Statement for 07742676969 shows 786 unredeemed Bonus Points. To claim call 08719180248 Identifier Code: 45239 Expires"
ham,"NONE!NOWHERE IKNO DOESDISCOUNT!SHITINNIT"
ham,"U still going to the mall?"
spam,"Natalie (20/F) is inviting you to be her friend. Reply YES-165 or NO-165 See her: www.SMS.ac/u/natalie2k9 STOP? Send STOP FRND to 62468"
ham,"These won't do. Have to move on to morphine"
ham,"Hey so whats the plan this sat? "
ham,"Neshanth..tel me who r u?"
ham,"Fighting with the world is easy, u either win or lose bt fightng with some1 who is close to u is dificult if u lose - u lose if u win - u still lose."
ham,"Where @"
ham,"Oh yeah clearly it's my fault"
ham,"Ok but tell me half an hr b4 u come i need 2 prepare."
ham,"O ic lol. Should play 9 doors sometime yo"
ham,"Let me know if you need anything from the store."
ham,"Draw va?i dont think so:)"
ham,"Its so common hearin How r u? Wat r u doing? How was ur day? So let me ask u something different. Did u smile today? If not, do it now.... Gud evng."
ham,"U too..."
ham,"Thanks again for covering my shift yesterday."
ham,"Leave it wif me lar... Ü wan to carry meh so heavy... Is da num 98321561 familiar to ü?"
ham,"Ha! I wouldn't say that I just didn't read anything into way u seemed. I don't like 2 be judgemental....i save that for fridays in the pub!"
ham,"Sorry * was at the grocers."
ham,"Hi frnd, which is best way to avoid missunderstding wit our beloved one's?"
spam,"Todays Voda numbers ending 1225 are selected to receive a £50award. If you have a match please call 08712300220 quoting claim code 3100 standard rates app "
spam,"URGENT: Your bank account has been locked. Verify your details immediately."
ham,"The Xmas story is peace.. The Xmas msg is love.. The Xmas miracle is jesus.. Hav a blessed month ahead &amp; wish U Merry Xmas..."
ham,"Then ü ask dad to pick ü up lar... Ü wan 2 stay until 6 meh..."
ham,"Yeah confirmed for you staying at  that weekend"
spam,"December only! Had your mobile 11mths+? You are entitled to update to the latest colour camera mobile for Free! Call The Mobile Update Co FREE on 08002986906"
ham,"So what u doing today?"
ham,"I AM AT A PARTY WITH ALEX NICHOLS"
ham,"Now u sound like manky scouse boy steve,like! I is travelling on da bus home.wot has u inmind 4 recreation dis eve?"
ham,"No. It's not pride. I'm almost  &lt;#&gt;  years old and shouldn't be takin money from my kid. You're not supposed to have to deal with this stuff. This is grownup stuff--why i don't tell you."
ham,"Oops my phone died and I didn't even know. Yeah I like it better."
spam,"Please call Amanda with regard to renewing or upgrading your current T-Mobile handset free of charge. Offer ends today. Tel 0845 021 3680 subject to T's and C's"
spam,"PRIVATE! Your 2003 Account Statement for <fone no> shows 800 un-redeemed S. I. M. points. Call 08715203656 Identifier Code: 42049 Expires 26/10/04"
ham,"No it's waiting in e car dat's bored wat. Cos wait outside got nothing 2 do. At home can do my stuff or watch tv wat."
ham,"Finally it has happened..! Aftr decades..! BEER is now cheaper than PETROL! The goverment expects us to ""DRINK"". . . But don't ""DRIVE """
ham,"Please leave this topic..sorry for telling that.."
ham,"Finally the match heading towards draw as your prediction."
ham,"As usual..iam fine, happy &amp; doing well..:)"
ham,"Great. Hope you are using your connections from mode men also cos you can never know why old friends can lead you to today"
ham,"Yay! You better not have told that to 5 other girls either."
ham,"Haven't eaten all day. I'm sitting here staring at this juicy pizza and I can't eat it. These meds are ruining my life."
ham,"Babe? You said 2 hours and it's been almost 4 ... Is your internet down ?"
ham,"That movie was so good, we should watch it again."
ham,"Your account has been refilled successfully by INR  &lt;DECIMAL&gt; . Your KeralaCircle prepaid account balance is Rs  &lt;DECIMAL&gt; . Your Transaction ID is KR &lt;#&gt; ."
ham,"Fighting with the world is easy, u either win or lose bt fightng with some1 who is close to u is dificult if u lose - u lose if u win - u still lose."
ham,"Just got part Nottingham - 3 hrs 63miles. Good thing i love my man so much, but only doing 40mph. Hey ho"
spam,"Call Germany for only 1 pence per minute! Call from a fixed line via access number 0844 861 85 85. No prepayment. Direct access!"
ham,"HEY DAS COOL... IKNOW ALL 2 WELLDA PERIL OF STUDENTFINANCIAL CRISIS!SPK 2 U L8R."
ham,"I emailed you the document, let me know if it opens."
ham,"What r u cooking me for dinner?"
ham,"Great. I was getting worried about you. Just know that a wonderful and caring person like you will have only the best in life. Know that u r wonderful and God's love is yours."
ham,"That movie was so good, we should watch it again."
spam,"Congratulations! You have won a $1000 Amazon gift card. Click the link to claim now!"
ham,"Why is that, princess? I bet the brothas are all chasing you!"
ham,"Ok but knackered. Just came home and went to sleep! Not good at this full time work lark."
spam,"Exclusive deal! Get a new credit card with $5000 limit, no credit check."
ham,"He said that he had a right giggle when he saw u again! You would possibly be the first person2die from NVQ, but think how much you could for! "
ham,"YO YO YO BYATCH WHASSUP?"
ham,"Ask g or iouri, I've told the story like ten times already"
ham,"R u here yet? I'm wearing blue shirt n black pants."
ham,"Realy sorry-i don't recognise this number and am now confused :) who r u please?! "
spam,"Claim your free vacation package to Hawaii! Just pay small processing fee."
ham,"Slept? I thinkThis time ( &lt;#&gt;  pm) is not dangerous"
ham,"Rose for red,red for blood,blood for heart,heart for u. But u for me.... Send tis to all ur friends.. Including me.. If u like me.. If u get back, 1-u r poor in relation! 2-u need some 1 to support 3-u r frnd 2 many 4-some1 luvs u 5+- some1 is praying god to marry u.:-) try it...."
ham,"I’ll bring the snacks, you bring the drinks."
ham,"R u meeting da ge at nite tmr?"
ham,"WOT U UP 2 J?"
spam,"We tried to contact you re your reply to our offer of a Video Handset? 750 anytime networks mins? UNLIMITED TEXT? Camcorder? Reply or call 08000930705 NOW"
spam,"Dear U've been invited to XCHAT. This is our final attempt to contact u! Txt CHAT to 86688 150p/MsgrcvdHG/Suite342/2Lands/Row/W1J6HL LDN 18 yrs"
spam,"This is the 2nd time we have tried 2 contact u. U have won the £750 Pound prize. 2 claim is easy, call 087187272008 NOW1! Only 10p per minute. BT-national-rate."
ham,"I'm in school now n i'll be in da lab doing some stuff give me a call when ü r done."
spam,"Exclusive deal! Get a new credit card with $5000 limit, no credit check."
ham,"St andre, virgil's cream"
ham,"I want to show you the world, princess :) how about europe?"
spam,"You have been selected for a free iPhone 15. Limited time offer – claim today!"
ham,"Ok no prob"
ham,"Will do. Was exhausted on train this morning. Too much wine and pie. You sleep well too"
ham,"No calls..messages..missed calls"
spam,"YOU HAVE WON! As a valued Vodafone customer our computer has picked YOU to win a £150 prize. To collect is easy. Just call 09061743386 "
spam,"You have been selected for a free iPhone 15. Limited time offer – claim today!"
ham,"No. Thank you. You've been wonderful"
ham,"Pls what's the full name of joke's school cos fees in university of florida seem to actually be  &lt;#&gt; k. Pls holla back"
ham,"Alright, see you in a bit"
ham,"cud u tell ppl im gona b a bit l8 cos 2 buses hav gon past cos they were full & im still waitin 4 1. Pete x"
ham,"Good good, billy mates all gone. Just been jogging, again! Did enjoy concert?"
ham,"Ok going to sleep. Hope i can meet her."
ham,"Pathaya enketa maraikara pa'"
ham,"We should plan a trip during the break, any ideas?"
ham,"Black shirt n blue jeans... I thk i c ü..."
ham,"Roger that. We‘re probably going to rem in about 20"
ham,"Every monday..nxt week vl be completing.."
ham,"I'm working technical support :)voice process."
ham,"Get down in gandhipuram and walk to cross cut road. Right side &lt;#&gt; street road and turn at first right."
spam,"You have won ?1,000 cash or a ?2,000 prize! To claim, call09050000327"
ham,"Mm i had my food da from out"
spam,"URGENT: Your bank account has been locked. Verify your details immediately."
spam,"You are the lucky winner of our monthly lottery. Confirm your identity here."
ham,"Well done, blimey, exercise, yeah, i kinda remember wot that is, hmm. "
ham,"Yeah, probably earlier than that"
ham,"Ok. She'll be ok. I guess"
ham,"Yup i'm elaborating on the safety aspects and some other issues.."
ham,"Fuck cedar key and fuck her (come over anyway tho)"
ham,"Message:some text missing* Sender:Name Missing* *Number Missing *Sent:Date missing *Missing U a lot thats y everything is missing sent via fullonsms.com"
ham,"Did I forget to tell you ? I want you , I need you, I crave you ... But most of all ... I love you my sweet Arabian steed ... Mmmmmm ... Yummy"
ham,"Can you send me the notes from class when you get a chance?"
spam,"URGENT: Your bank account has been locked. Verify your details immediately."
ham,"That's the way you should stay oh."
ham,"But i'm really really broke oh. No amount is too small even  &lt;#&gt; "
ham,"Still chance there. If you search hard you will get it..let have a try :)"
ham,"Reverse is cheating. That is not mathematics."
ham,"Pls speak with me. I wont ask anything other then you friendship."
ham,"Thanx. Yup we coming back on sun. Finish dinner going back 2 hotel now. Time flies, we're tog 4 exactly a mth today. Hope we'll haf many more mths to come..."
spam,"England v Macedonia - dont miss the goals/team news. Txt ur national team to 87077 eg ENGLAND to 87077 Try:WALES, SCOTLAND 4txt/ú1.20 POBOXox36504W45WQ 16+"
ham,"I told your number to gautham.."
spam,"Exclusive deal! Get a new credit card with $5000 limit, no credit check."
spam,"Guess what! Somebody you know secretly fancies you! Wanna find out who it is? Give us a call on 09065394973 from Landline DATEBox1282EssexCM61XN 150p/min 18"
ham,"Where in abj are you serving. Are you staying with dad or alone."
ham,"Haha good to hear, I'm officially paid and on the market for an 8th"
ham,"Oh ! A half hour is much longer in Syria than Canada, eh ? Wow you must get SO much more work done in a day than us with all that extra time ! *grins*"
ham,"Hi its Kate how is your evening? I hope i can see you tomorrow for a bit but i have to bloody babyjontet! Txt back if u can. :) xxx"
ham,"I tot u outside cos darren say u come shopping. Of course we nice wat. We jus went sim lim look at mp3 player."
ham,"You've always been the brainy one."
spam,"Bears Pic Nick, and Tom, Pete and ... Dick. In fact, all types try gay chat with photo upload call 08718730666 (10p/min). 2 stop texts call 08712460324"
ham,"A gram usually runs like  &lt;#&gt; , a half eighth is smarter though and gets you almost a whole second gram for  &lt;#&gt;"
ham,"The files are uploaded, please check when you’re online."
ham,"No I don't have cancer. Moms making a big deal out of a regular checkup aka pap smear"
ham,"Sleeping nt feeling well"
ham,"HMM yeah if your not too grooved out! And im looking forward to my pound special :)"
ham,"Gosh that , what a pain. Spose I better come then."
ham,"What are youdoing later? Sar xxx"
ham,"Then u go back urself lor..."
ham,"Okay name ur price as long as its legal! Wen can I pick them up? Y u ave x ams xx"
ham,"Will ü b going to esplanade fr home?"
ham,"Alrite jod hows the revision goin? Keris bin doin a smidgin. N e way u wanna cum over after college?xx"
ham,"Are you free to grab lunch sometime this week?"
spam,"Got what it takes 2 take part in the WRC Rally in Oz? U can with Lucozade Energy! Text RALLY LE to 61200 (25p), see packs or lucozade.co.uk/wrc & itcould be u!"
ham,"My sis is catching e show in e afternoon so i'm not watching w her. So c u wan 2 watch today or tmr lor."
ham,"Let there be snow. Let there be snow. This kind of weather brings ppl together so friendships can grow."
ham,"Sir, good morning. Hope you had a good weekend. I called to let you know that i was able to raise  &lt;#&gt;  from my dad. He however said he would make the rest available by mid feb. This amount is still quite short and i was hoping you would help. Do have a good day. Abiola"
spam,"Wanna get laid 2nite? Want real Dogging locations sent direct to ur mobile? Join the UK's largest Dogging Network. Txt PARK to 69696 now! Nyt. ec2a. 3lp £1.50/msg"
ham,"The files are uploaded, please check when you’re online."
ham,"Some friends want me to drive em someplace, probably take a while"
ham,"Its not that time of the month nor mid of the time?"
ham,"Just wanted to say thanks for your help today."
ham,"God picked up a flower and dippeditinaDEW, lovingly touched itwhichturnedinto u, and the he gifted tomeandsaid,THIS FRIEND IS 4U"
ham,"Good morning, im suffering from fever and dysentry ..will not be able to come to office today."
spam,"SMS. ac sun0819 posts HELLO:""You seem cool, wanted to say hi. HI!!!"" Stop? Send STOP to 62468"
ham,"Ujhhhhhhh computer shipped out with address to sandiago and parantella lane. Wtf. Poop."
spam,"Your Apple ID has been locked for security reasons. Verify your account here."
ham,"The files are uploaded, please check when you’re online."
ham,"sorry brah, just finished the last of my exams, what up"
ham,"True dear..i sat to pray evening and felt so.so i sms'd you in some time..."
ham,"I was up all night too worrying about this appt. It's a shame we missed a girls night out with quizzes popcorn and you doing my hair."
ham,"I got it before the new year cos yetunde said she wanted to surprise you with it but when i didnt see money i returned it mid january before the  &lt;#&gt; day return period ended."
ham,"Well. Balls. Time to make calls"
ham,"So u workin overtime nigpun?"
ham,"Joy's father is John. Then John is the NAME of Joy's father. Mandan"
ham,"I'm in a meeting, call me later at"
ham,"Fun fact: although you would think armand would eventually build up a tolerance or some shit considering how much he smokes, he gets fucked up in like 2 hits"
ham,"I've reached already."
spam,"Today's Offer! Claim ur £150 worth of discount vouchers! Text YES to 85023 now! SavaMob, member offers mobile! T Cs 08717898035. £3.00 Sub. 16 . Unsub reply X"
ham,"Yeah we wouldn't leave for an hour at least, how's 4 sound?"
ham,"If you have belive me. Come to my home."
spam,"Want to funk up ur fone with a weekly new tone reply TONES2U 2 this text. www.ringtones.co.uk, the original n best. Tones 3GBP network operator rates apply"
ham,"Fuck babe ... I miss you already, you know ? Can't you let me send you some money towards your net ? I need you ... I want you ... I crave you ..."
ham,"Tell them u have a headache and just want to use 1 hour of sick time."
ham,"Ok... C ya..."
ham,"Convey my regards to him"
ham,"Meeting got moved to 3pm, does that still work?"
ham,"Hi happy birthday. Hi hi hi hi hi hi hi"
ham,"If you were/are free i can give. Otherwise nalla adi entey nattil kittum"
spam,"Your B4U voucher w/c 27/03 is MARSMS. Log onto www.B4Utele.com for discount credit. To opt out reply stop. Customer care call 08717168528"
ham,"Dunno y u ask me."
ham,"Yes but can we meet in town cos will go to gep and then home. You could text at bus stop. And don't worry we'll have finished by march … ish!"
ham,"Ok lor..."
spam,"Guess what! Somebody you know secretly fancies you! Wanna find out who it is? Give us a call on 09065394514 From Landline DATEBox1282EssexCM61XN 150p/min 18"
ham,"Hello! Good week? Fancy a drink or something later?"
spam,"You have been chosen for a special rewards program. Complete the form to qualify."
ham,"No problem. How are you doing?"
ham,"May b approve panalam...but it should have more posts.."
ham,"Sorry, I'll call later"
ham,"K...k...yesterday i was in cbe ."
ham,"Dear,shall mail tonite.busy in the street,shall update you tonite.things are looking ok.varunnathu edukkukayee raksha ollu.but a good one in real sense."
ham,"Aight, we'll head out in a few"
ham,"Ü all write or wat.."
ham,"Dude ive been seeing a lotta corvettes lately"
ham,"That means from february to april i'll be getting a place to stay down there so i don't have to hustle back and forth during audition season as i have since my sister moved away from harlem."
ham,"Let me know how it changes in the next 6hrs. It can even be appendix but you are out of that age range. However its not impossible. So just chill and let me know in 6hrs"
ham,"I am in a marriage function"
ham,"Olol i printed out a forum post by a guy with the exact same  prob which was fixed with a gpu replacement. Hopefully they dont ignore that."
ham,"Not yet chikku..k, then wat abt tht guy did he stopped irritating or msging to u.."
spam,"Exclusive deal! Get a new credit card with $5000 limit, no credit check."
ham,"I think asking for a gym is the excuse for lazy people. I jog."
ham,"Idk. You keep saying that you're not, but since he moved, we keep butting heads over freedom vs. responsibility. And i'm tired. I have so much other shit to deal with that i'm barely keeping myself together once this gets added to it."
ham,"&lt;#&gt; , that's all? Guess that's easy enough"
ham,"Wen did you get so spiritual and deep. That's great"
ham,"That's y i said it's bad dat all e gals know u... Wat u doing now?"
spam,"Congratulations! You have won a $1000 Amazon gift card. Click the link to claim now!"
ham,"Love has one law; Make happy the person you love. In the same way friendship has one law; Never make ur friend feel alone until you are alive.... Gud night"
ham,"Hello my boytoy ... Geeee I miss you already and I just woke up. I wish you were here in bed with me, cuddling me. I love you ..."
spam,"CALL 09090900040 & LISTEN TO EXTREME DIRTY LIVE CHAT GOING ON IN THE OFFICE RIGHT NOW TOTAL PRIVACY NO ONE KNOWS YOUR [sic] LISTENING 60P MIN 24/7MP 0870753331018+"
ham,"I'll get there at 3, unless you guys want me to come some time sooner"
spam,"Double mins and txts 4 6months FREE Bluetooth on Orange. Available on Sony, Nokia Motorola phones. Call MobileUpd8 on 08000839402 or call2optout/N9DX"
spam,"URGENT: Your bank account has been locked. Verify your details immediately."
ham,"You do got a shitload of diamonds though"
spam,"Your PayPal account has suspicious activity. Log in here to secure it."
ham,"Didn't try, g and I decided not to head out"
ham,"Could you not read me, my Love ? I answered you"
ham,"U definitely need a module from e humanities dis sem izzit? U wan 2 take other modules 1st?"
spam,"Act now and reduce your student loan debt by 80%. Enroll in our program."
ham,"He's an adult and would learn from the experience. There's no real danger. I just dont like peeps using drugs they dont need. But no comment"
ham,"A Boy loved a gal. He propsd bt she didnt mind. He gv lv lttrs, Bt her frnds threw thm. Again d boy decided 2 aproach d gal , dt time a truck was speeding towards d gal. Wn it was about 2 hit d girl,d boy ran like hell n saved her. She asked 'hw cn u run so fast?' D boy replied ""Boost is d secret of my energy"" n instantly d girl shouted ""our energy"" n Thy lived happily 2gthr drinking boost evrydy Moral of d story:- I hv free msgs:D;): gud ni8"
ham,"I'm job profile seems like bpo.."
ham,"Raviyog Peripherals bhayandar east"
ham,"I'm home..."
ham,"We have to pick rayan macleran there."
ham,"Now project pa. After that only i can come."
ham,"Senthil group company Apnt 5pm."
spam,"Limited time crypto investment opportunity with guaranteed returns. Invest today."
ham,"Should I tell my friend not to come round til like  &lt;#&gt; ish?"
ham,"Should I head straight there or what"
ham,"Do well :)all will for little time. Thing of good times ahead:"
ham,"Wif my family booking tour package."
ham,"Did you say bold, then torch later. Or one torch and 2bold?"
spam,"You have been chosen for a special rewards program. Complete the form to qualify."
ham,"Well thats nice. Too bad i cant eat it"
ham,"How come guoyang go n tell her? Then u told her?"
ham,"Message from . I am at Truro Hospital on ext. You can phone me here. as I have a phone by my side"
ham,"I attended but nothing is there."
ham,"here is my new address -apples&pairs&all that malarky"
ham,"I'm turning off my phone. My moms telling everyone I have cancer. And my sister won't stop calling. It hurts to talk. Can't put up with it. See u when u get home. Love u"
ham,"There the size of elephant tablets & u shove um up ur ass!!"
spam,"This is the 2nd time we have tried to contact u. U have won the £400 prize. 2 claim is easy, just call 087104711148 NOW! Only 10p per minute. BT-national-rate"
ham,"Think + da. You wil do."
ham,"cThen i thk shd b enuff.. Still got conclusion n contents pg n references.. I'll b doing da contents pg n cover pg.."
ham,"&lt;#&gt; %of pple marry with their lovers... becz they hav gud undrstndng dat avoids problems. i sent dis 2 u, u wil get gud news on friday by d person you like. And tomorrow will be the best day of your life. Dont break this chain. If you break you will suffer. send this to  &lt;#&gt;  frnds in &lt;#&gt;  mins whn u read..."
ham,"Then u drive lor."
ham,"Omg Joanna is freaking me out. She's looked thru all my friends to find photos of me. And then she's asking about stuff on my MySpace which I haven't even logged on in like a year. :/"
ham,"I remain unconvinced that this isn't an elaborate test of my willpower"
ham,"Yup. Izzit still raining heavily cos i'm in e mrt i can't c outside."
ham,"Hi hope u get this txt~journey hasnt been gd,now about 50 mins late I think."
spam,"INTERFLORA - It's not too late to order Interflora flowers for christmas call 0800 505060 to place your order before Midnight tomorrow."
ham,"Reading gud habit.. Nan bari hudgi yorge pataistha ertini kano:-)"
ham,"Wot u up 2? Thout u were gonna call me!! Txt bak luv K"
ham,"Love isn't a decision, it's a feeling. If we could decide who to love, then, life would be much simpler, but then less magical"
ham,"Actually getting ready to leave the house."
ham,"Sorry, I'll call later"
ham,"And is there a way you can send shade's stuff to her. And she has been wonderful too."
ham,"Sorry, I'll call later"
ham,"* You gonna ring this weekend or wot?"
ham,"Dont know supports ass and srt i thnk. I think ps3 can play through usb too"
ham,"IM GONNAMISSU SO MUCH!!I WOULD SAY IL SEND U A POSTCARD BUTTHERES ABOUTAS MUCH CHANCE OF MEREMEMBERIN ASTHERE IS OFSI NOT BREAKIN HIS CONTRACT!! LUV Yaxx"
spam,"Act now and reduce your student loan debt by 80%. Enroll in our program."
ham,"U coming back 4 dinner rite? Dad ask me so i re confirm wif u..."
ham,"I emailed you the document, let me know if it opens."
ham,"No idea, I guess we'll work that out an hour after we're supposed to leave since as usual nobody has any interest in figuring shit out before the last second"
ham,"Today my system sh get ready.all is well and i am also in the deep well"
spam,"Urgent! Please call 09061213237 from a landline. £5000 cash or a 4* holiday await collection. T &Cs SAE PO Box 177 M227XY. 16+"
ham,"Yes.i'm in office da:)"
ham,"Erm... Woodland avenue somewhere. Do you get the parish magazine, his telephone number will be in there."
ham,"… and don‘t worry we‘ll have finished by march … ish!"
ham,"No message..no responce..what happend?"
ham,"Just sent it. So what type of food do you like?"
ham,"I got a call from a landline number. . . I am asked to come to anna nagar . . . I will go in the afternoon"
spam,"* FREE* POLYPHONIC RINGTONE Text SUPER to 87131 to get your FREE POLY TONE of the week now! 16 SN PoBox202 NR31 7ZS subscription 450pw"
ham,"excellent. I spent  &lt;#&gt;  years in the Air Force. Iraq and afghanistan. I am stable and honest. do you like traveling?"
ham,"Thank you princess! I want to see your nice juicy booty..."
ham,"Great! I shoot big loads so get ready!"
spam,"Your Netflix subscription has expired. Update your billing info to continue watching."
ham,"Then what about further plan?"
ham,"It's ok i wun b angry. Msg u aft i come home tonight."
ham,"Done it but internet connection v slow and can‘t send it. Will try again later or first thing tomo."
ham,"Can you send me the notes from class when you get a chance?"
ham,"CHEERS U TEX MECAUSE U WEREBORED! YEAH OKDEN HUNNY R UIN WK SAT?SOUNDS LIKEYOUR HAVIN GR8FUN J! KEEP UPDAT COUNTINLOTS OF LOVEME XXXXX."
ham,"I'm done oredi..."
ham,"ITS A LAPTOP TAKE IT WITH YOU."
ham,"When you guys planning on coming over?"
ham,"Or i go home first lar ü wait 4 me lor.. I put down my stuff first.."
spam,"Congratulations! You have won a $1000 Amazon gift card. Click the link to claim now!"
ham,"Thanks for the update, I’ll review it tonight."
ham,"Hey are you angry with me. Reply me dr."
ham,"Ok i go change also..."
ham,"I'm tired of arguing with you about this week after week. Do what you want and from now on, i'll do the same."
ham,"Wat time ü wan today?"
ham,"Loosu go to hospital. De dont let it careless."
ham,"It does it on its own. Most of the time it fixes my spelling. But sometimes it gets a completely diff word. Go figure"
spam,"Act now and reduce your student loan debt by 80%. Enroll in our program."
ham," says that he's quitting at least5times a day so i wudn't take much notice of that. Nah, she didn't mind. Are you gonna see him again? Do you want to come to taunton tonight? U can tell me all about !"
ham,"Alex knows a guy who sells mids but he's down in south tampa and I don't think I could set it up before like 8"
ham,"Have a great trip to India. And bring the light to everyone not just with the project but with everyone that is lucky to see you smile. Bye. Abiola"
ham,"How's it going? Got any exciting karaoke type activities planned? I'm debating whether to play football this eve. Feeling lazy though."
ham,"Teach me apps da. When you come to college."
ham,"At what time are you coming."
ham,"WHAT TIME U WRKIN?"
ham,"Height of Confidence: All the Aeronautics professors wer calld &amp; they wer askd 2 sit in an aeroplane. Aftr they sat they wer told dat the plane ws made by their students. Dey all hurried out of d plane.. Bt only 1 didnt move... He said:""if it is made by my students,this wont even start........ Datz confidence.."
ham,"Hi' Test on  &lt;#&gt; rd ...."
ham,"Change again... It's e one next to escalator..."
ham,"Merry Christmas to you too babe, i love ya *kisses*"
ham,"Sir, hope your day is going smoothly. i really hoped i wont have to bother you about this. I have some bills that i can't settle this month. I am out of all extra cash. I know this is a challenging time for you also but i have to let you know."
ham,"Nothing. I meant that once the money enters your account here, the bank will remove its flat rate. Someone transfered  &lt;#&gt;  to my account and  &lt;#&gt; dollars got removed. So the banks differ and charges also differ.be sure you trust the 9ja person you are sending account details to cos..."
spam,"We currently have a message awaiting your collection. To collect your message just call 08718723815."
ham,"Shall i start from hear."
ham,"Hope you are not scared!"
ham,"Ok not a problem will get them a taxi. C ing  tomorrow and tuesday. On tuesday think we r all going to the cinema. "
ham,"Will it help if we propose going back again tomorrow"
spam,"Refused a loan? Secured or Unsecured? Can't get credit? Call free now 0800 195 6669 or text back 'help' & we will!"
ham,"Can you send me the notes from class when you get a chance?"
ham,"Never blame a day in ur life. Good days give u happiness. Bad days give u experience. Both are essential in life! All are Gods blessings! good morning.:"
spam,"U 447801259231 have a secret admirer who is looking 2 make contact with U-find out who they R*reveal who thinks UR so special-call on 09058094597"
ham,"I'm putting it on now. It should be ready for  &lt;TIME&gt; "
ham,"Haha better late than ever, any way I could swing by?"
ham,"I'm in a meeting, call me later at"
ham,"U don't remember that old commercial?"
spam,"Send a logo 2 ur lover - 2 names joined by a heart. Txt LOVE NAME1 NAME2 MOBNO eg LOVE ADAM EVE 07123456789 to 87077 Yahoo! POBox36504W45WQ TxtNO 4 no ads 150p"
ham,"Are you free to grab lunch sometime this week?"
ham,"Sure, if I get an acknowledgement from you that it's astoundingly tactless and generally faggy to demand a blood oath fo"
ham,"I'm going for bath will msg you next  &lt;#&gt;  min.."
ham,"Hey, are we still on for the meeting tomorrow?"
ham,"Neither [in sterm voice] - i'm studying. All fine with me! Not sure the  thing will be resolved, tho. Anyway. Have a fab hols"
ham,"Then why no one talking to me"
ham,"R u saying i should re order the slippers cos i had to pay for returning it."
ham,"Where is that one day training:-)"
ham,"Can you plz tell me the ans. BSLVYL sent via fullonsms.com"
spam,"We detected a login attempt from a new device. Confirm your password immediately."
ham,"Try neva mate!!"
ham,"Can come my room but cannot come my house cos my house still messy... Haha..."
ham,"I dont understand your message."
spam,"Dear Subscriber ur draw 4 £100 gift voucher will b entered on receipt of a correct ans. When was Elvis Presleys Birthday? TXT answer to 80062"
ham,"PS U no ur a grown up now right?"
ham,"Ok c ü then."
ham,"The guy did some bitching but I acted like i'd be interested in buying something else next week and he gave it to us for free"
ham,"Jus came back fr lunch wif my sis only. U leh?"
ham,"Oh... Lk tt den we take e one tt ends at cine lor... Dun wan yogasana oso can... "
ham,"She left it very vague. She just said she would inform the person in accounting about the delayed rent and that i should discuss with the housing agency about my renting another place. But checking online now and all places around usc are  &lt;#&gt;  and up"
spam,"URGENT! We are trying to contact U. Todays draw shows that you have won a £2000 prize GUARANTEED. Call 09066358361 from land line. Claim Y87. Valid 12hrs only"
ham,"And of course you should make a stink!"
ham,"It's that time of the week again, ryan"
ham,"You lifted my hopes with the offer of money. I am in need. Especially when the end of the month approaches and it hurts my studying. Anyways have a gr8 weekend"
ham,"Did you see the announcement from the professor?"
ham,"Omg I want to scream. I weighed myself and I lost more weight! Woohoo!"
ham,"Are you free to grab lunch sometime this week?"
ham,"Just finished. Missing you plenty"
ham,"Are you at work right now ?"
ham,"Goodmorning today i am late for  &lt;DECIMAL&gt; min."
ham,"Ok..."